token,label,score,selection_freq,in_blacklist
puhub,est,0.39060540078503336,0.42,False
imeb,est,0.3774851859803897,0.34,False
pikkus,est,0.24081414347897895,0.35,True
hinges,est,0.23316462467392232,0.36,False
soovite,est,0.2230029406524452,0.39,False
lisamaterjalid,est,0.2195641411758178,0.36,False
põles,est,0.21305922177698375,0.47,False
määrab,est,0.21162443526570143,0.36,False
õppejõud,est,0.20569931086162227,0.35,False
vastuse,est,0.19045673143365818,0.33,False
olend,est,0.18239156275868673,0.41,False
lõigatud,est,0.1817397646552407,0.32,False
valab,est,0.1798036902875344,0.39,False
rebis,est,0.17916037078222458,0.35,False
ilmusid,est,0.17694784229497776,0.35,False
tõstab,est,0.1747637926721956,0.41,False
toimetaja,est,0.1725639932817182,0.31,True
lisainfo,est,0.17175599808227587,0.39,False
kooritud,est,0.16907625032662818,0.3,False
veendunud,est,0.16743347486665208,0.3,False
terveks,est,0.16664209502835958,0.43,False
käskis,est,0.1650090746618451,0.46,False
põõsas,est,0.1641281867730932,0.37,False
jäätis,est,0.15963591464968116,0.35,False
ostetud,est,0.15895853222750306,0.35,False
lõhkus,est,0.15821896397814406,0.33,True
külvatud,est,0.15795825492825882,0.3,False
keedeti,est,0.1569139167133671,0.33,True
voolas,est,0.15661571946956868,0.47,True
oktoober,est,0.1522378709029097,0.36,False
ületas,est,0.1521174819782966,0.44,False
mõjutab,est,0.151605060690535,0.47,False
austab,est,0.14858936343973836,0.48,False
peenelt,est,0.14846292835133973,0.3,False
käid,est,0.14809549183963402,0.41,False
vastab,est,0.14770375767336802,0.77,False
pühkis,est,0.14656641032934703,0.38,False
toetab,est,0.14629135987471986,0.59,False
lendab,est,0.1449963017926442,0.4,False
võin,est,0.14411462553046653,0.43,False
uuristab,est,0.1427188115028542,0.3,False
neljapäeval,est,0.14127478490976123,0.41,False
tõmbab,est,0.1401156865202878,0.63,False
ripub,est,0.1399632178418856,0.34,False
lähed,est,0.13852431158087902,0.81,False
registreerimine,est,0.1379378295214399,0.31,False
ajalooline,est,0.13756688763703662,0.44,False
sisenes,est,0.13611993710625298,0.41,False
oldi,est,0.1343881517545418,0.44,False
magab,est,0.13407929183828982,0.63,True
juhib,est,0.13358302537217626,0.35,False
jõime,est,0.13251313810842402,0.35,False
valutab,est,0.13150751199481986,0.36,False
jookseb,est,0.131146860122494,0.8,False
tähistab,est,0.12916492125196502,0.52,False
ulatus,est,0.12693630811755774,0.39,False
kutsub,est,0.12676790324048479,0.44,True
esindab,est,0.12660901704021707,0.34,False
seisavad,est,0.12462159605892192,0.55,False
sööb,est,0.12412086385702342,0.56,False
murdis,est,0.12391152975265911,0.44,True
vaatasime,est,0.12339906909318583,0.42,False
mängid,est,0.12306967810584504,0.51,False
sajandite,est,0.12302104835876419,0.33,False
pealegi,est,0.12234939479366302,0.44,False
jagas,est,0.12106740447612564,0.57,False
reede,est,0.12097407225336569,0.45,False
seab,est,0.11937109810927785,0.35,False
lõikas,est,0.11780195734090708,0.77,True
jalge,est,0.11672796207650049,0.56,False
veelkord,est,0.11551708982287781,0.36,False
määral,est,0.11434106760509148,0.46,True
võtsid,est,0.11247097252401272,0.65,False
omandab,est,0.11100117951543995,0.32,False
pääseb,est,0.10987346745380505,0.48,False
veab,est,0.1090885979174569,0.72,False
räägivad,est,0.10838663248171172,0.64,False
jooksis,est,0.1078504936153052,0.63,False
nägin,est,0.10778324807825575,0.95,False
sattus,est,0.10748641490757885,0.56,True
otsiti,est,0.10644462482125853,0.51,True
tänavale,est,0.10594651308774124,0.35,False
peene,est,0.10540146077088881,0.46,False
räägime,est,0.10506081110027723,0.3,False
saabus,est,0.10415333803733119,0.58,False
identiteedi,est,0.10407898633484212,0.33,False
pigistas,est,0.10365723857967918,0.42,False
kastmega,est,0.10278363387058789,0.59,False
ärkasin,est,0.10265083544241495,0.5,False
paistis,est,0.10138373514796897,0.6,False
lubab,est,0.10116867732328194,0.47,False
uurib,est,0.10106113327957315,0.43,False
oskan,est,0.10097904293277807,0.35,False
raputas,est,0.10031177717163893,0.39,True
vooluga,est,0.10002991153136183,0.43,True
ütlesid,est,0.09908595734993354,0.49,False
esitas,est,0.09865438633602942,0.54,False
tõuseb,est,0.09854205874754483,0.72,False
nimetatakse,est,0.09790448045239514,0.35,False
teater,est,0.09779443208889524,0.34,False
ijätüs,vro,0.49157352470390947,0.41,False
kujogaq,vro,0.46721556047743684,0.34,False
tulõn,vro,0.4493648458688497,0.32,False
kaegõq,vro,0.42594239211755097,0.51,False
õngõ,vro,0.39602535157473806,0.44,False
näüdäti,vro,0.39486340351757016,0.56,False
hullõmbas,vro,0.36117180502951973,0.45,False
vidäjä,vro,0.3439179550098338,0.41,False
võlgo,vro,0.3417749174116885,0.38,False
seimiq,vro,0.34030505165326963,0.42,False
vallalinõ,vro,0.33436259616627595,0.43,False
kardohk,vro,0.31381437202325435,0.33,False
tandso,vro,0.31308959110653,0.43,False
sõitsõ,vro,0.3103827831733784,0.51,False
tallõ,vro,0.3095393576806316,0.47,False
raa,vro,0.3023926844266732,0.63,False
umajago,vro,0.29081312082439775,0.34,False
kaupmiis,vro,0.2872619173646152,0.42,False
lämmämbäs,vro,0.28332778902714945,0.34,False
läkeq,vro,0.27943346610401837,0.41,False
küsütä,vro,0.27778511983109344,0.42,False
päälmäne,vro,0.27665482434673594,0.31,False
putuq,vro,0.2751877584034745,0.65,False
ajavaq,vro,0.2742451344364232,0.31,False
vereväs,vro,0.272678614377507,0.42,False
tugõsi,vro,0.26764371331441583,0.43,False
opõtaja,vro,0.2665153179168505,0.34,False
mõotas,vro,0.2656698825075262,0.36,False
hannagaq,vro,0.26212598531875564,0.44,False
nõsõs,vro,0.2604163388509867,0.62,False
taat,vro,0.25704522813516856,0.34,True
häöt,vro,0.25674991341834075,0.35,False
timmin,vro,0.2553764516341826,0.32,True
kirjapandminõ,vro,0.25448242933709897,0.37,False
viimä,vro,0.25422463353668306,0.42,False
lopõ,vro,0.25260681403971863,0.35,False
täpsä,vro,0.2516495195309237,0.39,False
armõdu,vro,0.25164715604348603,0.75,False
jääq,vro,0.2512356208018846,0.55,False
opilaisilõ,vro,0.2492918511534627,0.44,False
kuralõ,vro,0.2492832732804935,0.5,False
tulõk,vro,0.24761364249563306,0.35,False
kiskma,vro,0.2457258257682746,0.38,False
edendäjä,vro,0.2434336621161859,0.35,False
opmisõst,vro,0.24326988457033102,0.34,False
kõrraldõt,vro,0.24313033536689843,0.53,False
hummõnis,vro,0.24155458505394908,0.3,False
otsagaq,vro,0.24150900722775917,0.36,False
tekuq,vro,0.2407790850451569,0.34,False
sõidimiq,vro,0.24015608665225593,0.44,False
põhast,vro,0.2398901942287611,0.35,False
käänäq,vro,0.23738950512260912,0.53,False
siibogaq,vro,0.23639103206450368,0.37,False
küsümiisile,vro,0.23576896516469376,0.33,False
piuta,vro,0.23518094666247283,0.36,True
nurmõn,vro,0.23485801246629587,0.32,False
aolugu,vro,0.2341430225063505,0.4,False
kuusõ,vro,0.23296643023116131,0.39,False
kõtulõ,vro,0.23286756461310507,0.42,False
tsäi,vro,0.23275041483939216,0.36,False
tsõõr,vro,0.23230365139779088,0.38,False
süä,vro,0.227657225332975,1.0,True
vastalinõ,vro,0.2274189206261496,0.44,False
aoluulinõ,vro,0.2264370585738636,0.34,False
tühäs,vro,0.22575529466677963,0.71,False
murõhtas,vro,0.2253825369941226,0.34,False
tegüsi,vro,0.2251145100751234,0.42,False
sünnüq,vro,0.2230599776525032,0.43,False
võtaq,vro,0.22302650238217167,0.95,False
võtkõq,vro,0.22076168153802378,0.6,False
kakk,vro,0.21822899027478565,0.64,True
tüükuan,vro,0.21797168045778248,0.36,False
sadaminõ,vro,0.2153933697839107,0.41,False
süüq,vro,0.21213342270096788,0.66,False
kuuliq,vro,0.2117021950884109,0.35,False
hannast,vro,0.21123745026668245,0.35,False
värv,vro,0.21087527352616603,0.45,True
panõq,vro,0.21050547034130015,1.0,False
olt,vro,0.2104389108223524,0.4,False
tsusk,vro,0.2086922388931194,0.36,False
viskaq,vro,0.2074432582587878,0.4,False
väidse,vro,0.20724828296385267,0.34,False
päävän,vro,0.20653729603001814,0.41,False
piäq,vro,0.20537413556593576,0.88,False
opilanõ,vro,0.20491724025972352,0.32,False
tulkõq,vro,0.20316903153393645,0.65,False
küündü,vro,0.20288571099924865,0.53,False
astuq,vro,0.20159391084283423,0.43,False
suvõ,vro,0.20135648459759983,0.58,False
taso,vro,0.20055371332655475,0.34,False
kaibaq,vro,0.20009489943232425,0.33,False
pelgäq,vro,0.19792200501664908,0.35,False
sükäv,vro,0.19773322444323727,0.33,False
perädü,vro,0.19701560918343025,0.97,False
säläst,vro,0.19694483698836535,0.39,False
esiqhindäst,vro,0.19693010265350794,0.65,False
näütämä,vro,0.19561512528052002,0.38,False
tugõva,vro,0.1955987628550577,0.67,False
teräne,vro,0.19492536156500984,0.36,False
q,vro,0.19479578372944395,0.44,True
