labels	identifier	text
0	735203	δυπλα που την φωτογραφιουδαν τζιαι μεν
3	74261	να φτάξομε όπου θέλομε κατά την εχταγή μας 
1	19190	χαῖρε ὢ χαῖρε Ἐλευθεριά
2	40776	όξου απ του καζάν 4 ώς ν ώρα πόφυγιν η
2	39705	σ άλλου ένα χουργιό γιατι ήρθιν ένας νοικουκύρς κι παζάριψαν να θιρίσν κι ικεί 
2	38502	χέρια τ κι τα πουδάρια τ να καταφέρ να ζήσ κι να προυκόψ 
2	38822	μι τ βέργα ου Τζήκας 
2	38837	ρουτούσαν 
2	40389	τί ρακή βγάν τι κι πόσα γράδα έχ 
3	52525	Αμοιρε καταλάγιασε στο στρώμα σου Μη τρέμεις 
0	399354	κορμίν του εγλύστραν τζι επασπάτευκεν 
3	113602	 Δε σου τζυλεύγκω ντίπις 
0	713412	Φράγκο Μόνον τον Γρίβαν δοξάζουν οι
2	41213	έβγιναν
2	40701	Πώς γίνgιν ικείν ν ώρα κι βγήκιν του ένα του παπούτσ απου μ bιθαμέν κι
2	41510	πιαλάει κι να μήν τηράει ου ένας τουν άλλουν γιατι είνι κιρός τώρα απ δέ
3	149723	Aρνήθηκα τα πλούτη μου τον Kύρην και τη Mάνα 
0	681938	έχετε αντήρρηση 
0	175127	γύρη τα αρσενικά κύτταρα του άνθους 
2	41689	τ Δημουδγιά 
2	41732	Όσα έπιφταν ουπάν στα κιραμίδγια μας τα α παρατούσαμι κι σάπζαν ικεί 
2	38678	 Τί πράγματα έχ του καΐκ να του ξιφουρτώσουμι 
3	124269	τοῦ χρουσαφιοῦ ἀκριβειὰ καταραμένη 
1	1306	έν άμον εκείνον νοικοκύρτς nατώρα
1	37371	Αυγίτες
1	27858	nεπικοινωνίας I ο αριθμός των χρηστών
1	26120	Ντο εν το PW
2	40467	Καρφουμένα τα ράφχια στα d βάργια γιουμάτα σαπούνια κουνσέρβις 
1	18617	nενώ ένας άλλος φρουρός είπε πως η
1	411	nτ ουκ είχα βάρδιε αλήγορα εσκώθα άμα
1	10393	nσο χωρίονατά εσάν ντο έφαγανόλιο τεμόν
3	111957	Με το πιτήδιο σας χορό που πάει ομπρός κι οπίσω 
1	5517	Να λέτ öτεν πως είμαι καλά nκαι να ευτάει
0	766999	 Να ρωτάς αν εν οκ πριν ποστάρεις κάτι
2	41884	Στα κοζανίτικα μας είπιν απούμιστι μκροί για τον ειδικό σύνδεσμο πως απ δές τη
2	40822	Στην ΚΝΕ χρησιμοποιείται το γερο πρίν απο κύρια ονόματα για να δηλωθεί
3	144921	Συχνιά εψυγομαραίνουντον συχνιά είχε λιγωμάρες 
0	540469	 γιατί μες το στόμα Ότι μας εμαθαίναν 
1	34123	Αητέντς επαραπέτανεν ψηλά ς σα
0	235631	μπλού παν τα κκόφλεξ οι πατάτες οι
1	19188	τῶν Ἑλλήνων τὰ ἱερά
3	77596	Κι εσείς συντρόφοι κάμετε παράκληση μετά τζη 
0	432918	Η επιστολή 
1	16724	nυπολογιστάς επορούν και ρυθμίζνε
0	602491	καταλάβεις 
1	21347	nάσπρον θέλω
1	2688	Εμέν άλλα είπαν εμε και άλλα ελέπω
2	39519	προσδιορισμό αλλα με απλό άμεσο αντικείμενο έτσι θα περιμέναμε τη
0	315014	τζιαι βέντι Αϊ σσιχτίρ Εν ο χάρος μου
1	34684	το κ έü
3	112769	πως οντεν εγεννήσετε ομάδι με την δούλα 
1	4738	ΠΡΟΕΔΡΟΣ Κουνάει το κεφάλι του Ας δώσω
0	243542	αυτοκρατορικόν καπάρτισμαν του γέρου
1	28729	οντες πάει σο νερόν ι Για έλα για θα
3	56858	στου Σιμοέντα την ποταμίδα
0	233175	φταιν τζιαι τα σιόνια αλλά τωρά
2	39351	βρήκιν μιά μακρινή αμψιά τς απ του μακαρίτ τουν Νάννου τουν άντρα τς ν
3	107049	Κοπέλι ε Κοπέλι λω Που σαι μωρέ κοπέλι 
1	33231	Εκάτσαν κάμποσον ο nπατέρα μ άμον
2	40746	υπομονή
3	115176	Oψές στο σπίτι μου τανε 
3	84261	τα έργα ντως με μια βουλή σοφή που θελ α δώσει 
1	27186	1734 1734 Ίαν Γκίλαν
3	65244	και φρονιμάδα ασάλευτη πομένει 
1	3137	Σ εμόν το κιφάλ τιδέν κι λαλεί
0	404421	την εφαρμογή τους στο πρόβλημα του 
2	40078	Στο τυπωμένο έριχνιν κι απού καμιά ρουφ σιά κρασί σελ 46 
2	41622	 Κύρ καθηγητά έκαμιν αλάθουν του πιδί Να του σ χουρέστι δέν ταρθεί ξανά
0	651883	των ψυχών σας 
2	41012	ουόλους ου μαχαλάς ίσια μι τ χαραή 
0	522222	Hahahaba alithos ΑπάντησηΔιαγραφή 
0	519667	προλαβαίνουν Κάποιες δέχονται τον ρόλο 
2	40841	Ελιμειακά 0 1988 5 
0	258550	Μεταλυκειακά ΙνστιτούταΔιαγραφή
1	30708	θὰ nπαίρω
3	81846	Μην μπεις να ιδείς Κι είντα να ιδείς Δεν είναι μπλιο στο
3	77786	στην πολιτεία Γιαειντα δα θρηνώ καπνού κι ανέμου
3	90494	Καλά ταν και περίκαλα τα ξέτελα απου χε 
2	39560	 του βάριναν κι ψίχα στ ψέκα του βάριναν κι ουλίγου στ ψέκα 
0	734974	παραπάνω φακκά μου η αππωμάρα τους τζαι
2	40144	 τάπιν ψίχα α γριμένους τάπιν ουλίγου αγριμένους 
1	3356	Δεν κι παθάνω αφήσ τε με να τρώγω με nτην
2	41196	Σαζ bιέν τσα μάτχια μ Nα μήν αβασκαθείτι 
1	31884	επεκαικά κρυφά nεπαίρνα το και εστείλνα
0	751490	 Ακούω τούτο το σενάριο που πολλά άτομα
3	105594	Παράξενοι σου φαίνουνται Είντα θαρείς πως είναι 
2	39067	βγαίν 
2	39936	τα πρόβατα δέ ζύγουναν κουνdά στα κτήματα κι όλ οι μκροί απ τ Σκΐρκα είχαν
3	42677	πεσίχαρη μα ως έβγαινε απ το λουτρό ντ εκείνος 
0	728304	 Εφώναξες με Beatrix 
2	39272	ήπινιν ου καθένας κι τ αράδιαζιν ουπάν στα τραπέζια 
0	648484	 Για σου Σταλαματιά Καιρό να τα
0	680755	διαλεκτους γλωσσες απο τα συγχρονα
1	35743	nκαρφίν καρφούται
3	154819	Εγώ τη μ πόρτα τση καρδιάς την έχω σφαλισμένη γιατί δε θέλ ο πόνος τση
3	97821	Αειντεστε και ξεκουνεί 
2	40798	καφαλτΐ το άκλ κολατσιό 
3	96313	Kαλό περίσσο θα τανε η Aργώ να μην επέτα 
1	27827	nτελευταίο μέσω του Εθνικό Ινστιτούτο
3	138808	πατριαρχειό απούν ο πατριάρχης nΚ εκείνος έχει τη δουλειά κοντά να τήνε
2	38623	μαναχός τ κι αφού δέν τουν απουκρίθκιν κάνας άναψιν ακόμα παραπάν Πάει
3	97556	 Μεγάλη ν η χαρά μας 
2	40018	ιδιόλεκτο του Κουζιάκη φαίνεται οτι ο κανονικός είναι ο τύπος του τυπωμένου καθώς κι ο
3	136358	ΕΓΩ ΘΑ ΦΑΩ ΚΑΙ ΘΑ ΠΙΩ nΕΓΩ ΘΑ ΦΑΩ ΚΑΙ ΘΑ ΠΙΩ ΚΑΙ ΘΑ ΧΑΡΟΚΟΠΗΣΩ nΚΙ ΑΠΟΥ
0	353656	A crusade to bring down boob sizes huh Sure why not After all people
1	3507	Ατό τη μεσελέν άλλο κανείς εξέρ nöτο
3	136641	μου καμ ένα γιατρικό που μουνε ν αποθάνω nΚαι το κρασί μου το βραζε
1	4054	nλαγαρôεις ατον Εστά εμπροστά τ άμον
3	147973	Kαι μην αργήσεις Bασιλιέ μαντατοφόροι ας πάσι 
3	115657	εκαταπίνανέσι ντα Μόνο καπνούς εθώριες
1	16126	n έν το 279ον ημέρα σο δίσεκτον τη χρονία
2	41721	είχαν γιουμώσ τα κλουνάργια φύλλα στρόνgυλα 
1	13643	όπως και τ ονομαστικόν nκαι μόνον όνταν
3	115667	ΧΑΡΚΙΑΣ Ποιος να τσ 
3	65983	Ποια γυναίκα τον εγέννα κι έδωκέ ντ εξά 
1	26426	nΜπετέλ Ο πληθυσμόν τη χώρας είν ασα n480
0	177391	Κυριακή 18 1 2009 10 30 μ μ 
1	6706	ολ αγαπούνε τον αράπ εγώ τον κοτσαμάνον
2	40566	 να φκιάεις τ φαμbλιά σ παρακάτω να φκιάσ τ φαμbλιάτς 5 5 
1	8109	nοικουμένην εγώ κι εχόρτασα απατό ατό πα
0	307174	οι απόψεις αν είναι επειδή εν τους
3	81163	και δεν λασκάρει στο καιρό τ ανωκατίζει ν ούλα
0	553153	οι γονείς παππούδες γιαγιάδες και 
0	164679	που θα εμεταγλωττίστηκεν σε Τουφεξής
2	38525	παρέις παρέις 
0	335740	να συγκρατήσει το γέλιο της Φέρνει το
2	40590	ουλίγουν gιρό π απουλύθκιν κι έχ μηναίου σίγουρου δέν dα μ bουνέσ του
3	146422	και συχνιαναντρανίσματα Aγάπης λιγωμάρες 
1	19445	nαπό τους ιθαγενείς Κάποιοι μετακινήθηκαν
0	443737	Ορτύκης έφκην έξω που τα ρούχα του Δεν 
1	6048	Για δέβα κι ας ησυχάζω κ εγώ Όλεν το
1	1196	Άμον κάτ λαλίας έκ σα
0	541575	Που την 2ην του μηνός τζαι μετέπειτα εν 
0	426681	παίχτες έχει άλλα κίνητρα που τον πόθο 
3	85700	Ειντά ναι μωρε τούτονέ Ανέφαλο μ ακρίδες 
2	39689	Στο τυπωμένο Τουν πήριν σελ Τουμ bήριν 
3	54199	Εβγήκα κι ανεγύρεψα αειδαριστές για σένα 
0	626858	κερκίδες 
0	682331	 Χαρά μου να ξατιμάζω στα Κυπραίικα 
1	33151	άλλο Ο nΑλέξης Ζορμπάς nΕσάρεψεν ατον
3	132520	Γλυκειά σειρήνα Κρητικιά φτωχή Κριτσωτοπούλα 
1	30767	καρίπ κ ἀπάν ς σὸν κόσμον nΜάννα ποῦ θ
1	36435	εφογώθα τη γλώσσαν τοι γαρηδίων
2	38958	Άμα έφτασαν στ αμπέλ οι τρυγηταίοι κόντιβαν να του σώσν τρία τέσσιρα
1	15281	Ίων Δραγούμης
0	460381	Μακάρι 
3	62065	Oτι κι αν θέτε φίλοι μου μα φίλος σας εγίνη 
2	41005	τς ώρις γυρνούσαν στα σπίτια τς κι ουόλου μιτζμέν 
0	402690	Μονάχους η τέχνη της γιαγιάς είναι 
1	29000	nπρώτον σην πίστην σην nχαράν σον πόνον
0	685835	 Στο θέμα μας συμφωνώ ότι ο μόνος
3	152841	εκείνο με πειράζει 
0	398866	αποστημάτων αιματάδων και για 
0	159344	été comme hiver Sans discontinuité de Paris à Lausanne de Melbourne
1	23462	Την πελô μ εγώ εύρα
1	1505	Ερωτάς με αν εκοιμέθα ξάι Εγώ θεία nΛίτα
1	15363	doc id 851 url https pnt wikipedia org wiki curid 851 ntitle
3	90356	να χουνε με τον κύρη ντως περίσσο συναλλίκι 
1	11320	nμεκατίρ ν ατ 3
0	597004	κάμνουν τα οι κυβερνήσεις 
0	176633	εγίνην κούκλα Όποιος έθελεν να μπεί μες
3	101916	 Κάτεχε πως εμάζωξα τα ντεληκανιδάκια 
1	4052	Για ας πάμε ελέπουμ ατον από σουμά
3	59517	Kιαμιά Oξ απ την δυστηχιά την ίδια Μα φρουκάσου
3	114318	Eγώ μαι που μαι μετα σας στη ζήση σας ορτάκης
2	41931	Στα κοζανίτικα Δέν dανάχουμι αρμιά 
3	70409	Σεβάσου ρήγα τον καιρό που καρτερεί για ν α ρθει 
2	41327	σ μαζώξν κι τς χνήθκαν κια οι δγιό μ ένα στόμα 
3	71496	 Σώπασε μπλιο κερά μου
2	41757	δικουχτούρις νέ gάλτσις νέ κανdίπουτας 
1	23792	Κύριε Νομάρχη κι ηξέρω πώς να nευχαριστώ
2	41661	έφτασιν η αρμιά ιτότι π τ χράζουνταν κι έτσ ιξόν απ τα μιτρητοίς ιμβάσματα π 
3	72641	Κι από καβούσι θες νερό γή τση θαλάσσης δρόσο 
3	82172	Λέω πως είναι πλια τσ αντρειάς να βαραρματωθούμε
3	101828	και τση θεάς και το τρεχα βουβή στην εκκλησία 
2	39256	μπακαλιάρου κι τα ζιαμπόχιλα 
0	517533	στην πραγματικότητα ΕΣΥ δεν τα δέχεσαι 
0	321502	είναι ανήθικο υποβιβάζει την ανθρώπινη
0	173387	κατηγορία όχι διότι έχω την πολυτέλεια
2	41145	 Δέν dα κάμνου χάζ ιγώ τα Ζήτου κι τα bράβου Ιγώ χαλέβου να γλέπου
0	260515	μάντα σημειώσεις how to screw up a date Διαγραφή
3	103231	Ιδέ Ιδέ μια πέρδικα 
1	33197	εγκλησίας τα σκάλας έτον nτο πεγάδ κ
2	41774	αυτουκίνητα πουλλά κι πλαστικές καρέκλις στα bαλκόνια Κι κόσμους ξένους να
2	40455	Του ν χειμώνα μουσκουβουλούσιν αρμύρα απ του ν bακαλιάρου τς ρένgις κι
1	11821	nεχ τρανά επιτυχίας Σα τραγωδίασατουν
1	991	Καλά ακόμαν κ είδες ατεν
3	50220	και θα δοικά η χέρα ντου να σ απαλοχαηδέψει 
1	337	nΝτέρνα Επήγα για το παρακάθεμα
1	29495	άδελφέ μ κι nεκχύαν τα κουλάκια σ n Τα
3	127650	κι ὅλον τὸν κόσμον ἐστόλιζε 
3	71779	Aνέγνωρα μαθώς λαλεί η τύχη τα γραμμένα 
2	40309	Πιραστικοί κι χασουμέρδις μαζώνουνdι στα καζάνια να πχιούν καμνιά ρακή ή
2	39040	νοικουκύρς τα τσίπουρα κι σώνουντι οι δλειές 
1	19485	nέγινε η πρωτεύουσα του κράτους
3	143053	98Nα μαι χωσμένη σιγανά με δίχως να μιλήσω 
0	717695	ζωγράφος της εξουσίας 
2	40824	 οπου χρησιμοποιούνται ονοματικές φράσεις του τύπου ου
3	71171	Κι ας έχομε την χώρα σου ποπανωθιώς απ ούλες
3	47603	Eχάθηκε η Πέρσικη έξουσία στρ
3	145309	πότε και λίγο μοναχάς επήγαινε κ εθώρει
0	736570	παραπάνω θελκτικά εν σου άρεσε Παίξε
3	74994	 Nα κάτσω δα 
0	761043	παρεξηγηθείς ΑπάντησηΔιαγραφή 
0	771595	Παρασκεύη Πήγα βρήκα την
0	390065	σήμερα για το χάλι της Αθήνας και τα Ματ
1	17289	n1968 ούς το 2005
1	10452	nδίει με ελπίδα δίει με και φτερά όλεα
3	56215	να σου κρατώ ΙΦΙΓΕΝΕΙΑ
0	670850	της πόλης κατανοητό Να το μαζεύκεις
2	41524	κατέβινις μιά μαρμαρέιν σκάλα κι έπιφτις ουπάν στα φουκάλια κι τα στ λιάρια απ 
0	551467	τα κολλέγια Απλά θεωρώ ότι εν νομιμοποιείται 
0	355592	μου ο πατέρας σου εν ο Τάδε ο Εοκαβητατζής 
2	39025	ου Ντίνας να τουν πειράξ ψίχα κι τουν είπιν 
1	17829	nμεγάλωσαν όσο και των μουσικών
0	443844	Postbabylon 
2	41636	πουλυκατοικίις γιατι βρουμάει μπιζέρσαν οι μπάμπις να γαρδαλών ν λάχανα να τα
1	11737	8 Σταυρί εν 251ον ημέρα τη χρονίας ίστε
2	41557	Ακουλ τά μι τ Μήλ του καφινείου κι ουπάν απ τ Μπουχάρα του
0	764018	είσαι κάπου και η κοιλιά σου είναι
0	415785	 Πρόβλημα να θκιαβάζεις 
0	380055	θέσεις ππάρκιν θα εγίνουνταν τριπλάσιες
3	111931	Κι εσύ την άρμη σάσε μου αν τύχει και νικήσω 
0	250384	changed who cares about the poushtomalakas ηταν ο
0	358073	πραγματική τζι εχτεσινή 
0	525037	Την άλλη μέρα βλέπω το λόγο ύπαρξής 
2	41222	γυρήσ στουν dόπου τ 
2	40385	 ανdράπκιν κι ψίχα ανdράπκιν κι ουλίγου 
1	12589	nλέγομε Μικρασιατικόν καταστροφή με nτη
3	144956	H Nένα ωσάν παρηγοριάν είχε ώς την ώρα κείνη 
1	36610	πα ους να κοβαλούν το καρβόν nκαι
2	39163	ουρθός πάει στου γουλά ιέσκυψιν ιέβαλιν του δάχτυλου ικεί πότριχιν η ρακή κι
3	47227	Aς είναι τάξε στο καλό Kι ότι καλαρμηνεύγεις
2	41152	Στο τυπωμένο χάν ς σελ 6 
2	39301	στρατό 
2	40473	Ου bακάλτς μι τ μακρά τ μισάλα ζουσμέν άμα ιέρχουνdαν ου πιλάτς να
3	131746	εἰς τ ἄδικο ποὺ μ εὕρηκε τόσους καιροὺς καὶ χρόνους
1	19204	Η 11 Αεργί εν το 315ον ημέρα τη χρονίας n
1	23629	ΝΟΜΑΡΧΗΣ Καλημέρα σας αγαπητοί μου
3	114570	Σίχαημα να τσι ξανοίξεις 
1	28827	αούτο nτο τσιμένι nΤ εμόν τ αρνίν
0	620674	μας τζιαι προσβάλλουν μας μες τον 
3	102891	Ντα δεν θωρείς τα πόδια μου 
2	40643	Αμάν τί έπαθα πάει η μάνα μ 
1	6591	που εσκότωσεν τον σκύλον
3	49647	να μη γυρεύγω έλεος Tον αδερφό μου ξάνοι 
1	28169	σ nΑτόσον nεπορεί η ψή μ κι ατόσον
1	25070	Ολίγα κι είπες πέει κι άλλα
2	41010	πιτναίοι λαλούσαν άγουρα κι τσιμπούσαν τς πουλακίθις Γένουνταν τέτοιους
1	11782	nτοι Commodore VIC 20 PET 2001 Atari 800 XL Apple II και BBC nMicro
2	39155	μάθν κι στου καζάν 
2	40684	 κράξι τς να ρθούν 
1	18236	διάφορες nγυναίκες διεκδίκησαν την
2	38531	μάζουναν όλα στουν τρουβά κι καρτιρούσαν μι μιράκ πότι τα φέξ η καλή η μέρα 
2	39088	 Ησύχασι ρα πάππου όλα τα γέν ν Μήν αδιάζισι κι σι τρώει η έγνοια δέν
0	633338	 Diavasa kai tin tridrakouna kai to flitzani tis Aggelas kai vazo plori
3	70154	Aντρειωμένος Μα μαστε και για βουλή καμπόσοι 
0	299282	4 
0	465563	πλαθκειάν σας στο να σηκωστεί έναν 
2	40768	γαλίκ το κοφίνι 
3	66655	Των πολεμάρχων των εφτά που χάθηκαν στην Θήβα 
0	669463	του χωραφκιού Το χωράφιν έχει μιαν
1	18144	ολόκληρη την nΠρώτη Βουλγαρική
2	38965	 Καλ μέρα σας κι τ χρόν τουν τρύγου σας Καλό έξουδου του κρασί κι τ ρακή 
3	48007	Kαι πού ν ο Mεγαβάτης κι ο Σησάμης 
1	33968	εφτά χρόνια τυράννιζεν τα τούρκικα τα nψ
0	593937	το στόμαν το ξιδόντικον χαμογελά Ο 
2	41103	 Όι γίνουρου κι αυτόια λιέει πάλι ου Μήκας μι του μπυαλό τ Άσουτου είνι 
3	106473	Hυρηκα τρόπο ζάβαλες τα χρέη να γλιτώσω
1	30849	καὶ nπεντακό ιâ ἀρνία Ἀφήνω σε τὸν
3	85333	αν αρνηθώ θα ζήσω πα Mε ποιο θα συντυχαίνω 
0	384590	By Buttons Up on 15 Απριλίου 2010
2	38503	Σκληρή η πέτρα σκληρός κι αυτός απ ζάει μιτιαυτήν μπισαλής μι του φίλου 
0	456340	 http acerasanthropophorum blogspot com 2011 12 blog post_11 html Κυριακή 
0	531396	σε σάιτς διακοπών 
1	5743	nκαι καθώς βρίσκεται πίσω από τον Κώστη
3	103258	 Mάνα μου Στραβοξανοίγουνέ μας
1	19265	nτον B Ray σκηνές με μια άψογη φωνή
3	140001	πλούτη 
3	120771	 Ιδρως κρυγιός μ 
0	351801	δεν τους αρέσκουν οι σσύλλοι τζιαι
3	104549	Πλια παρα χίλια Ναι Πολλά Kι έχουν σκοπούς βαρμένους
1	15624	nεφτάει πόλεμον αντάρτι Αμα ατός κι
2	39087	κάνα χιόν Πώς τα κάμουμι κουμάντου 
3	117362	Εσύ δεν νιώθεις Μη μιλείς 
1	12326	nβουλγάρικα Република България εν
2	39115	 ιένα σακούλ μ αλεύρ για του ζ μάρ ν ακουλνούν του καπάκ κι του τόξου κι
0	526566	Και όντως για βαφτίσι πολύ κακό Λίος 
3	66390	κι εγώ τον που σ αδίκησε θα τον ε τιμωρίσω 
1	23145	nπρόγραμμαν έν
3	151797	Ο ΑΡΡΩΣΤΟΣ ΚΑΙ ΟΙ ΑΠΟΦΑΣΕΙΣ ΤΩΝ ΓΙΑΤΡΩΝ
0	178360	ευχαριστώ για τον όφρυν Τελικά είσαι
2	39453	 ικεί στου σταυρουδρόμ διάβαζιν ου παπάς μιά ιφκή κι ύστρα πάιναν στα
2	39906	ταή για τα ζουνdανά οι αχιρώνις γιουμάτις μ άχιρα κι άμα τσάκσιν λίγου η ζέστα 
0	178056	Ο Charlot θωρεί τηλεόρασην που το τζιάμιν
0	216186	το σύστημα που υιοθετήσετε 
2	39767	εγώ κρατώ το ν λόγο μου 
1	25897	λέει ψιθυριστά χωρίς να ακούνε οι
2	40021	 81 
0	410217	Παρόλον που οι γειτόνισσες εθέλαν τα 
