token,label,score,selection_freq,code,other_variety,note
flachwitzfreitag,AT,0.869321406,0.98,unmarked,NA,NA
österreichsollösterreichbleiben,AT,0.816392465,0.1,NE,NA,NA
restln,AT,0.814038082,0.1,morph,NA,NA
salzburgring,AT,0.809130431,0.1,NE,NA,NA
backhendl,AT,0.789093821,0.15,lex,NA,NA
kremser,AT,0.756513337,0.25,NE,NA,NA
bockerl,AT,0.738834818,0.1,morph,NA,NA
schokostückerl,AT,0.733243563,0.1,morph,NA,NA
landl,AT,0.714366469,0.17,NE,NA,NA
schmeißn,AT,0.666597989,0.1,phon,NA,not exclusive
zuggschichtl,AT,0.666251702,0.1,morph,NA,NA
gfressen,AT,0.650881012,0.12,phon,NA,not exclusive
großarl,AT,0.648513543,0.12,NE,NA,NA
mäci,AT,0.647449666,0.19,lex,NA,NA
probiersts,AT,0.620139502,0.1,morph,NA,NA
hackl,AT,0.612589496,0.1,NE,NA,NA
gspusis,AT,0.599668867,0.49,lex,NA,NA
klodelconfession,AT,0.596910944,0.1,unmarked,NA,NA
abnehmts,AT,0.595851864,0.1,morph,NA,NA
kärntnerin,AT,0.594372495,0.1,NE,NA,NA
hollabrunn,AT,0.593434479,0.62,NE,NA,NA
körndln,AT,0.591045994,0.1,morph,NA,NA
jodelconfession,AT,0.585651241,0.94,unmarked,NA,NA
bregenz,AT,0.583839388,0.57,NE,NA,NA
feuerwehrfestl,AT,0.570463722,0.1,morph,NA,NA
gwordn,AT,0.569385847,0.1,phon,NA,not exclusive
flöt,AT,0.5670644,0.87,unmarked,NA,NA
westösterreich,AT,0.561256769,0.1,NE,NA,NA
verschlagn,AT,0.559342439,0.1,phon,NA,not exclusive
frohnleiten,AT,0.55915497,0.12,NE,NA,NA
grazerin,AT,0.551347188,0.27,NE,NA,NA
elg,AT,0.549881988,0.1,NE,NA,NA
krems,AT,0.549487283,0.97,NE,NA,NA
vöslau,AT,0.548717496,0.45,NE,NA,NA
alltagsgschichtln,AT,0.54307906,0.1,morph,NA,NA
fluchtachterl,AT,0.527556333,0.1,lex,NA,NA
tabakboxn,AT,0.524108103,0.1,phon,NA,not exclusive
vienna,AT,0.522892992,0.15,NE,NA,NA
sackerl,AT,0.522597288,0.33,lex,NA,NA
schwammerl,AT,0.517595387,0.41,lex,NA,NA
wählts,AT,0.516279458,0.1,morph,NA,NA
vöslauer,AT,0.514203916,0.14,NE,NA,NA
vorarlberg,AT,0.513760317,0.59,NE,NA,NA
speibn,AT,0.507157799,0.13,lex,NA,not exclusive
weiz,AT,0.504352305,0.41,NE,NA,NA
nudln,AT,0.487658544,0.26,phon,NA,NA
linzergassen,AT,0.485554686,0.1,NE,NA,NA
gfundem,AT,0.483144175,0.1,phon,NA,not exclusive
gspusi,AT,0.481464844,1,lex,NA,NA
klagenfurt,AT,0.479711408,1,NE,NA,NA
heferl,AT,0.477796375,0.16,lex,NA,NA
gschickt,AT,0.470566018,0.1,phon,NA,not exclusive
salzburg,AT,0.470118115,1,NE,NA,NA
seestadl,AT,0.469270802,0.1,NE,NA,NA
leoben,AT,0.468404071,1,NE,NA,NA
ur,AT,0.455236701,0.98,lex,NA,NA
motivierts,AT,0.452698187,0.17,morph,NA,NA
villacherstraße,AT,0.444910899,0.16,NE,NA,NA
confession,AT,0.442945266,0.57,unmarked,NA,NA
friedl,AT,0.442166767,0.26,NE,NA,NA
restl,AT,0.441604248,0.19,morph,NA,NA
gschichtln,AT,0.43994155,0.19,morph,NA,NA
villacher,AT,0.434723868,0.38,NE,NA,NA
öfb,AT,0.43464156,0.24,NE,NA,NA
pickerl,AT,0.433796972,0.33,lex,NA,NA
elf,AT,0.431949588,1,unmarked,NA,NA
schenkts,AT,0.43183436,0.1,morph,NA,NA
wolferl,AT,0.429612096,0.1,NE,NA,NA
gschwind,AT,0.427894966,0.22,lex,NA,NA
wünschts,AT,0.422083967,0.2,morph,NA,NA
cruxn,AT,0.421914711,0.1,lex,NA,NA
öbh,AT,0.420377912,0.16,NE,NA,NA
öbb,AT,0.419924272,0.93,NE,NA,NA
tulln,AT,0.419866071,0.93,NE,NA,NA
wenigstn,AT,0.41642393,0.1,phon,NA,not exclusive
wien,AT,0.408850531,1,NE,NA,NA
wels,AT,0.405508901,0.98,NE,NA,NA
vsstö,AT,0.404477776,0.11,NE,NA,NA
graz,AT,0.403017344,1,NE,NA,NA
imst,AT,0.401563235,0.63,NE,NA,NA
schnacksln,AT,0.398039921,0.1,lex,NA,NA
brezina,AT,0.397646917,0.64,NE,NA,NA
einkaufswagerl,AT,0.397156204,0.1,lex,NA,NA
mitfahrn,AT,0.395767058,0.1,phon,NA,not exclusive
grazjodler,AT,0.394664163,0.1,NE,NA,NA
gnade,AT,0.393796493,0.16,unmarked,NA,NA
paprikahendl,AT,0.392692428,0.1,lex,NA,NA
villach,AT,0.39224813,0.99,NE,NA,NA
uiz,AT,0.391711125,0.1,NE,NA,NA
gmundn,AT,0.390577492,0.1,NE,NA,NA
vöcklabruck,AT,0.387286405,0.44,NE,NA,NA
wörgl,AT,0.387183804,0.65,NE,NA,NA
mögts,AT,0.387101934,0.28,morph,NA,NA
grazern,AT,0.385528312,0.19,NE,NA,NA
schiachstn,AT,0.385250193,0.1,lex,NA,NA
leobener,AT,0.384462891,0.24,NE,NA,NA
salzburger,AT,0.382515533,0.99,NE,NA,NA
gastgeber,AT,0.381516189,0.11,unmarked,NA,NA
tullner,AT,0.380055809,0.1,NE,NA,NA
experten,AT,0.379460191,0.1,unmarked,NA,NA
assessmentprüfungen,CH,0.952296595,0.28,unmarked,NA,NA
assessments,CH,0.948365684,0.1,unmarked,NA,NA
assessi,CH,0.909585443,0.33,NE,NA,NA
assessie,CH,0.864130824,0.3,NE,NA,NA
assessies,CH,0.790641267,0.85,NE,NA,NA
sgmm,CH,0.748198508,0.92,NE,NA,NA
assessment,CH,0.684116901,0.94,unmarked,NA,NA
imt,CH,0.639167279,0.82,unmarked,NA,NA
dopoleti,CH,0.613217034,0.1,unmarked,NA,NA
büren,CH,0.594185824,0.14,NE,NA,NA
giorgi,CH,0.590431956,0.59,NE,NA,NA
konstanz,CH,0.585783862,0.96,NE,NA,NA
güetä,CH,0.566094546,0.1,phon,NA,NA
luutischte,CH,0.565325561,0.1,phon,NA,NA
zürichsee,CH,0.560801998,0.17,NE,NA,NA
zuefüege,CH,0.553700385,0.1,phon,NA,NA
verpackti,CH,0.509929373,0.1,morph,NA,NA
schweizern,CH,0.497697003,0.11,NE,NA,NA
chaned,CH,0.496090575,0.1,lex,NA,NA
gallen,CH,0.49165269,0.96,NE,NA,NA
assesis,CH,0.490794703,0.1,NE,NA,NA
weltschdörfli,CH,0.489139257,0.1,phon,NA,NA
zweieiigi,CH,0.488168108,0.1,phon,NA,NA
szitiere,CH,0.479802497,0.1,phon,NA,NA
steuerrecht,CH,0.476836786,0.69,unmarked,NA,NA
abdi,CH,0.469354108,0.1,unmarked,NA,NA
assessis,CH,0.466075693,0.63,NE,NA,NA
kn,CH,0.45855099,0.48,NE,NA,likely Konstanz
hörnle,CH,0.445955024,0.19,lex,NA,NA
reko,CH,0.438715982,0.87,lex,NA,NA
wha,CH,0.438297451,0.26,NE,NA,NA
semesterpfüefig,CH,0.412000126,0.1,morph,NA,NA
konstanzer,CH,0.411297364,0.41,NE,NA,NA
usxsehd,CH,0.410736417,0.1,phon,NA,NA
betrügsch,CH,0.401059962,0.19,phon,NA,NA
zruggmiaue,CH,0.391428489,0.1,morph,NA,NA
gwitterergrüsch,CH,0.389108368,0.1,phon,NA,NA
iikaufszenter,CH,0.386429369,0.1,phon,NA,NA
hsgler,CH,0.372627057,0.61,NE,NA,NA
erstehiiuf,CH,0.367933005,0.1,phon,NA,NA
musterschüeler,CH,0.367410168,0.1,phon,NA,NA
keihe,CH,0.358029223,0.1,lex,NA,NA
dasisch,CH,0.344361069,0.1,morph,NA,NA
googlesicheri,CH,0.342874731,0.19,morph,NA,NA
asssessment,CH,0.339475581,0.1,unmarked,NA,NA
drucki,CH,0.336652306,0.1,NE,NA,NA
minuscredits,CH,0.336532304,0.27,unmarked,NA,NA
uszeichnig,CH,0.336477742,0.18,morph,NA,NA
glochet,CH,0.334254984,0.1,lex,NA,NA
hsg,CH,0.332530581,1,NE,NA,NA
frouelogik,CH,0.330239789,0.18,phon,NA,NA
girogi,CH,0.328659053,0.14,NE,NA,NA
iigleit,CH,0.322886771,0.1,morph,NA,NA
zwöiiti,CH,0.322304909,0.1,phon,NA,NA
dön,CH,0.319783687,0.1,phon,NA,NA
grüezititsch,CH,0.314613123,0.1,lex,NA,NA
mellige,CH,0.312397182,0.1,lex,NA,NA
bodensee,CH,0.307566883,0.21,NE,NA,NA
steuerrechtsprüfung,CH,0.304820727,0.17,unmarked,NA,NA
cäsar,CH,0.304802019,0.11,unmarked,NA,NA
wäger,CH,0.30200062,0.1,lex,NA,NA
inelauf,CH,0.301412021,0.2,morph,NA,NA
diplomatisch,CH,0.299607355,0.1,unmarked,NA,NA
gsüäch,CH,0.298914705,0.1,phon,NA,NA
deutschschweiz,CH,0.291727863,0.15,NE,NA,NA
wiisheit,CH,0.291028733,0.19,phon,NA,NA
agschissse,CH,0.289510223,0.1,morph,NA,NA
sägmer,CH,0.285833798,0.1,morph,NA,NA
ueberhaupt,CH,0.279381111,0.1,unmarked,NA,NA
eiggentlech,CH,0.278782383,0.1,phon,NA,NA
chuchichäschteli,CH,0.276734015,0.1,lex,NA,NA
welschdörfli,CH,0.275556661,0.1,phon,NA,NA
schüüg,CH,0.270611331,0.1,unmarked,NA,NA
sibäzwärgä,CH,0.270499642,0.1,phon,NA,NA
vide,CH,0.268130135,0.19,unmarked,NA,NA
vorstelligsgsprech,CH,0.265863897,0.1,phon,NA,NA
steigerigforme,CH,0.264987884,0.1,morph,NA,NA
kaufä,CH,0.264343173,0.1,phon,NA,NA
jongschi,CH,0.264279099,0.1,lex,NA,NA
legostei,CH,0.259570457,0.1,phon,NA,NA
hündlifotis,CH,0.259072952,0.1,morph,NA,NA
fränzi,CH,0.257104205,0.1,unmarked,NA,NA
schweizerdeutsch,CH,0.253758971,0.57,NE,NA,NA
fifü,CH,0.253421352,0.6,unmarked,NA,NA
hoachdeitsch,CH,0.250238291,0.1,NE,NA,NA
mathprüfung,CH,0.24867218,0.1,unmarked,NA,NA
andi,CH,0.248469512,0.2,unmarked,NA,NA
höe,CH,0.248291817,0.1,unmarked,NA,NA
chömets,CH,0.24647464,0.1,lex,NA,NA
düütschschwiiz,CH,0.244809542,0.1,NE,NA,NA
stye,CH,0.244556747,0.1,unmarked,NA,NA
sithär,CH,0.241766548,0.1,phon,NA,NA
swissloswärbig,CH,0.241510161,0.1,NE,NA,NA
fluuzüg,CH,0.241149114,0.1,phon,NA,NA
mindestreichwiiti,CH,0.240521399,0.1,phon,NA,NA
schlimmschta,CH,0.239156499,0.1,phon,NA,NA
liebiischnümufzhalte,CH,0.234735833,0.1,lex,NA,NA
chuecherezept,CH,0.234512666,0.1,lex,NA,NA
zrugschickä,CH,0.233929732,0.1,morph,NA,NA
schweizersprachschönesprach,CH,0.233665472,0.1,NE,NA,NA
ohlstedt,DE_N,0.798393541,0.1,NE,NA,NA
borkenwirthe,DE_N,0.703330312,0.1,NE,NA,NA
ascheloh,DE_N,0.702322766,0.1,NE,NA,NA
braunschweich,DE_N,0.682416186,0.1,NE,NA,NA
henstedt,DE_N,0.676053162,0.43,NE,NA,NA
neunhagen,DE_N,0.659331212,0.1,NE,NA,NA
ostseestadions,DE_N,0.657660793,0.1,NE,NA,NA
hanseatischen,DE_N,0.627550933,0.1,NE,NA,NA
kiels,DE_N,0.626914057,0.1,NE,NA,NA
osnabrückerstrasse,DE_N,0.623650346,0.1,NE,NA,NA
ebendorf,DE_N,0.618079012,0.1,NE,NA,NA
bocholters,DE_N,0.61803052,0.1,NE,NA,NA
salzgrotte,DE_N,0.614914547,0.14,NE,NA,NA
nordholland,DE_N,0.611367137,0.1,NE,yes,NA
ostfaliacardhatmehrguthabenalsdaskonto,DE_N,0.605031784,0.1,NE,NA,NA
nerdcampus,DE_N,0.60459072,0.1,unmarked,NA,NA
sauerlandarchiv,DE_N,0.603840815,0.1,NE,NA,NA
bralitz,DE_N,0.602552788,0.1,NE,NA,NA
mussumer,DE_N,0.592362496,0.1,NE,NA,NA
osnalove,DE_N,0.592117056,0.1,NE,NA,NA
westkirchener,DE_N,0.591881686,0.1,NE,NA,NA
münsterraner,DE_N,0.589479782,0.1,NE,NA,NA
verna,DE_N,0.588684636,0.1,NE,NA,NA
hannovercity,DE_N,0.587208877,0.1,NE,NA,NA
deichbrandundsingle,DE_N,0.580898629,0.1,NE,NA,NA
haverlandweg,DE_N,0.580280363,0.1,NE,NA,NA
arnimstr,DE_N,0.579435393,0.1,NE,NA,NA
gladbeckerin,DE_N,0.579171471,0.1,NE,NA,NA
abnächstewochewiederingoldenburg,DE_N,0.576339395,0.1,NE,NA,NA
elemhorst,DE_N,0.574398373,0.1,NE,NA,NA
delmenhorstwitze,DE_N,0.573484708,0.1,NE,NA,NA
brenneckenbrück,DE_N,0.572458132,0.1,NE,NA,NA
stapenhorststr,DE_N,0.569361043,0.1,NE,NA,NA
biesterberg,DE_N,0.567637308,0.1,NE,NA,NA
storkow,DE_N,0.566130749,0.54,NE,NA,NA
langbochum,DE_N,0.565127135,0.1,NE,NA,NA
gravenhorst,DE_N,0.563421937,0.1,NE,NA,NA
langenhorst,DE_N,0.562282308,0.1,NE,NA,NA
sauerlandaufmischen,DE_N,0.561276202,0.1,NE,NA,NA
dankebremen,DE_N,0.556644711,0.1,NE,NA,NA
lehde,DE_N,0.555958628,0.1,NE,NA,NA
steihnhagen,DE_N,0.553939799,0.1,NE,NA,NA
amtenbrink,DE_N,0.553586581,0.1,NE,NA,NA
spreenhagen,DE_N,0.552614868,0.1,NE,NA,NA
jodelhauptstadtosna,DE_N,0.552010519,0.1,NE,NA,NA
hurricanes,DE_N,0.549878491,0.18,NE,NA,NA
habinghorst,DE_N,0.547730645,0.1,NE,NA,NA
hhvnews,DE_N,0.542496986,0.1,NE,NA,NA
chowchow,DE_N,0.539703616,0.1,unmarked,NA,NA
hahle,DE_N,0.538195134,0.1,NE,NA,NA
schönbek,DE_N,0.538000387,0.1,NE,NA,NA
stralsunds,DE_N,0.535256085,0.1,NE,NA,NA
ostkurve,DE_N,0.535066213,0.1,unmarked,NA,NA
kühlungsbornerjodelraum,DE_N,0.533475993,0.1,NE,NA,NA
bornhorstersee,DE_N,0.532950116,0.1,NE,NA,NA
feuerwehrlüneburg,DE_N,0.531192342,0.1,NE,NA,NA
holmnixe,DE_N,0.531013381,0.1,NE,NA,NA
altonaer,DE_N,0.530219598,0.1,NE,NA,NA
wrestedt,DE_N,0.528933246,0.1,NE,NA,NA
osnabrückverlassmichnicht,DE_N,0.524531687,0.1,NE,NA,NA
kuhlerkamp,DE_N,0.524488067,0.1,NE,NA,NA
dünenhof,DE_N,0.524180087,0.1,NE,NA,NA
hoffkamp,DE_N,0.523306867,0.1,NE,NA,NA
ehlen,DE_N,0.522217517,0.17,NE,NA,NA
grünow,DE_N,0.52221558,0.1,NE,NA,NA
sehestedt,DE_N,0.521830916,0.1,NE,NA,NA
westfalenblatt,DE_N,0.521755817,0.17,NE,NA,NA
niehusmannskamp,DE_N,0.521596729,0.1,NE,NA,NA
oythe,DE_N,0.520267112,0.1,NE,NA,NA
mühlentorpassage,DE_N,0.51979079,0.1,NE,NA,NA
uelzenern,DE_N,0.519171278,0.1,NE,NA,NA
heidepaaark,DE_N,0.515951248,0.1,NE,NA,NA
otown,DE_N,0.514572463,0.1,NE,NA,NA
haddeby,DE_N,0.514506456,0.1,NE,NA,NA
weidendamm,DE_N,0.514334765,0.23,NE,NA,NA
ostfrieslandistesbeimir,DE_N,0.512726997,0.1,NE,NA,NA
denver,DE_N,0.511268698,0.18,NE,yes,NA
hiltrop,DE_N,0.510167849,0.1,NE,NA,NA
lamstedt,DE_N,0.510129161,0.19,NE,NA,NA
fleckeby,DE_N,0.508081239,0.1,NE,NA,NA
hafennähe,DE_N,0.507001548,0.1,unmarked,NA,NA
norder,DE_N,0.506888199,0.1,NE,NA,NA
ostfriesicher,DE_N,0.505482186,0.1,NE,NA,NA
schützenfesten,DE_N,0.505297612,0.1,lex,NA,NA
holtland,DE_N,0.503962462,0.1,NE,NA,NA
paderorn,DE_N,0.503961271,0.1,NE,NA,NA
breddin,DE_N,0.503595311,0.1,NE,NA,NA
oesterholz,DE_N,0.50242014,0.1,NE,NA,NA
wellendorf,DE_N,0.500430472,0.1,NE,NA,NA
deichbrandabrisseskalation,DE_N,0.499264656,0.1,NE,NA,NA
schützenfestmontag,DE_N,0.49870939,0.18,lex,NA,NA
getekamp,DE_N,0.497886159,0.1,NE,NA,NA
marlena,DE_N,0.497361661,0.1,unmarked,NA,NA
hallohannover,DE_N,0.495650015,0.1,NE,NA,NA
splittenbrede,DE_N,0.495548916,0.1,NE,NA,NA
güthersloh,DE_N,0.49541934,0.1,NE,NA,NA
erbstorf,DE_N,0.495207543,0.1,NE,NA,NA
ew2,DE_N,0.493336614,0.26,unmarked,NA,NA
lütjenburgistschön,DE_N,0.49138302,0.1,NE,NA,NA
herforderstraße,DE_N,0.488047918,0.1,NE,NA,NA
kierwang,DE_S,0.795303254,0.1,NE,NA,NA
lernbayrisch,DE_S,0.7900312,0.1,NE,NA,NA
edesheim,DE_S,0.782844007,0.1,NE,NA,NA
tübingens,DE_S,0.76022946,0.1,NE,NA,NA
forchheimer,DE_S,0.745485349,0.1,NE,NA,NA
alzenauer,DE_S,0.712488499,0.1,NE,NA,NA
sarmsheim,DE_S,0.710535679,0.19,NE,NA,NA
stressmitmöppes,DE_S,0.707849544,0.1,lex,NA,NA
remsfeld,DE_S,0.703857678,0.1,NE,NA,NA
frangenheim,DE_S,0.703548289,0.2,NE,NA,NA
3karlsruherinnenzubesuch,DE_S,0.702448863,0.1,NE,NA,NA
mühltal,DE_S,0.70143847,0.1,NE,NA,NA
gummersbacher,DE_S,0.700050744,0.1,NE,NA,NA
sulzbacher,DE_S,0.69901651,0.1,NE,NA,NA
oberboihingen,DE_S,0.687786509,0.1,NE,NA,NA
großenhain,DE_S,0.684091471,0.11,NE,NA,NA
horrweiler,DE_S,0.68239709,0.1,NE,NA,NA
hübingen,DE_S,0.679796008,0.18,NE,NA,NA
erlangens,DE_S,0.678592964,0.1,NE,NA,NA
dobaueschingen,DE_S,0.675694828,0.1,NE,NA,NA
niederissigheim,DE_S,0.67489076,0.1,NE,NA,NA
mönchengaldbach,DE_S,0.673946651,0.1,NE,NA,NA
sprendlingen,DE_S,0.670578839,0.1,NE,NA,NA
unschlüssigesmöppes,DE_S,0.66698919,0.1,lex,NA,NA
metalmöppes,DE_S,0.659832104,0.1,lex,NA,NA
hofgartenfest,DE_S,0.658861139,0.1,NE,NA,NA
neuenheimer,DE_S,0.655222749,0.1,NE,NA,NA
mathemöppes,DE_S,0.655060791,0.1,lex,NA,NA
dotzheim,DE_S,0.653309581,0.1,NE,NA,NA
komischefrageinbayern,DE_S,0.652983045,0.1,NE,NA,NA
gersweiler,DE_S,0.64772333,0.1,NE,NA,NA
storzingen,DE_S,0.646505926,0.1,NE,NA,NA
annaberger,DE_S,0.644360817,0.1,NE,NA,NA
nackenheim,DE_S,0.643063342,0.1,NE,NA,NA
rußheim,DE_S,0.642179953,0.1,NE,NA,NA
greifenhain,DE_S,0.642177234,0.1,NE,NA,NA
darmstadts,DE_S,0.639852642,0.1,NE,NA,NA
odenthal,DE_S,0.639298875,0.19,NE,NA,NA
gerlingen,DE_S,0.639263775,0.1,NE,NA,NA
allefreundesinddaheim,DE_S,0.63684218,0.1,lex,NA,NA
mägerkingen,DE_S,0.634017083,0.1,NE,NA,NA
ludwigshafener,DE_S,0.633776504,0.1,NE,NA,NA
26möppes,DE_S,0.631920226,0.1,lex,NA,NA
wallgau,DE_S,0.631606115,0.1,NE,NA,NA
wanheimerort,DE_S,0.629358239,0.1,NE,NA,NA
grenzau,DE_S,0.629166804,0.1,NE,NA,NA
emgstingen,DE_S,0.628647263,0.1,NE,NA,NA
biebesheim,DE_S,0.628421344,0.27,NE,NA,NA
rheingautreff,DE_S,0.628207722,0.1,NE,NA,NA
auerbacher,DE_S,0.626165141,0.2,NE,NA,NA
wbach,DE_S,0.625853126,0.1,NE,NA,NA
morsbacheringoessexy,DE_S,0.625227946,0.1,NE,NA,NA
hoyerswerda,DE_S,0.624529481,0.52,NE,NA,NA
rheingauviertel,DE_S,0.624028885,0.1,NE,NA,NA
simmerath,DE_S,0.62296272,0.1,NE,NA,NA
thebestofbothmöppes,DE_S,0.62288229,0.1,lex,NA,NA
alsbach,DE_S,0.621470012,0.1,NE,NA,NA
lieblingsmöppes,DE_S,0.618489179,0.1,lex,NA,NA
hechlingen,DE_S,0.617218968,0.1,NE,NA,NA
weiersbach,DE_S,0.616382068,0.1,NE,NA,NA
impflingen,DE_S,0.613780762,0.1,NE,NA,NA
obertraubling,DE_S,0.613443106,0.1,NE,NA,NA
motivatonslosesmöppes,DE_S,0.613292714,0.1,lex,NA,NA
oberwesel,DE_S,0.612566186,0.1,NE,NA,NA
laufach,DE_S,0.612363579,0.1,NE,NA,NA
eisenacher,DE_S,0.611987048,0.1,NE,NA,NA
pfreimd,DE_S,0.609130852,0.1,NE,NA,NA
nasingen,DE_S,0.608981492,0.1,NE,NA,NA
gonzehheim,DE_S,0.608402437,0.1,NE,NA,NA
horkheim,DE_S,0.608315005,0.1,NE,NA,NA
lahnwiesen,DE_S,0.606750036,0.1,NE,NA,NA
manderbach,DE_S,0.606696048,0.1,NE,NA,NA
grotenbach,DE_S,0.606214051,0.1,NE,NA,NA
igersheim,DE_S,0.605035325,0.19,NE,NA,NA
möppesbeerdigung,DE_S,0.60214935,0.1,lex,NA,NA
vendersheim,DE_S,0.601160224,0.1,NE,NA,NA
neulusheim,DE_S,0.59994446,0.1,NE,NA,NA
sponsheim,DE_S,0.598701222,0.1,NE,NA,NA
bruchsaler,DE_S,0.597893549,0.1,NE,NA,NA
möppes4everallone,DE_S,0.597480242,0.1,lex,NA,NA
alsfelder,DE_S,0.595890216,0.17,NE,NA,NA
crimetimeinhürth,DE_S,0.594967406,0.1,NE,NA,NA
gommersheim,DE_S,0.591999314,0.1,NE,NA,NA
möppespupsenauch,DE_S,0.590565357,0.1,lex,NA,NA
nürtingerneckarfest,DE_S,0.589771542,0.1,NE,NA,NA
schwaikheim,DE_S,0.589336376,0.1,NE,NA,NA
riedstadt,DE_S,0.588879958,0.1,NE,NA,NA
ratheim,DE_S,0.585722706,0.1,NE,NA,NA
paunzhausen,DE_S,0.585703951,0.1,NE,NA,NA
weisweil,DE_S,0.58544725,0.1,NE,NA,NA
mainflingen,DE_S,0.585363286,0.27,NE,NA,NA
niederbachem,DE_S,0.584489516,0.1,NE,NA,NA
urberach,DE_S,0.583658453,0.25,NE,NA,NA
mainlände,DE_S,0.58305875,0.18,NE,NA,NA
kommtrausihrmöppes,DE_S,0.581895728,0.1,lex,NA,NA
ellbach,DE_S,0.581401157,0.1,NE,NA,NA
dornassenheim,DE_S,0.579922218,0.2,NE,NA,NA
rommelsbach,DE_S,0.578508358,0.1,NE,NA,NA
clausthals,DE_S,0.578465837,0.1,NE,NA,NA
pfullinger,DE_S,0.578217383,0.1,NE,NA,NA