token,label,score,selection_freq
"bosnia,#iraq",bs,0.8856506032578182,0.10416666666666667
👍😏,bs,0.8788469917402836,0.10416666666666667
rekreativna,bs,0.8643870350439101,0.10416666666666667
😎🌞<unk>☕️🍉,bs,0.8599118394929974,0.10416666666666667
unk>😏,bs,0.8407481239177287,0.10416666666666667
banjolučkoj,bs,0.8358551695078859,0.10416666666666667
🔊<unk,bs,0.8263617936521769,0.10416666666666667
missbih,bs,0.8259360007299923,0.1875
bijeljino,bs,0.821284846123308,0.10416666666666667
peugeot-a,bs,0.8199319092344013,0.10416666666666667
bosniavsargentina,bs,0.8086283623124473,0.17708333333333334
hajr,bs,0.7815069152045301,0.3645833333333333
željeznicar,bs,0.7758413733627654,0.10416666666666667
sejdicfinci,bs,0.7728291433631966,0.10416666666666667
bihvslatvia,bs,0.7669786002587655,0.10416666666666667
hljebu,bs,0.7667857922147959,0.10416666666666667
😏,bs,0.7600245736273493,0.4791666666666667
☕️😎,bs,0.7495490734640043,0.10416666666666667
čaroliju,bs,0.7493175211735384,0.53125
čarolije,bs,0.7395370870436397,0.65625
mashallah,bs,0.7365142022116253,0.34375
bihvslithuania,bs,0.7300459057099596,0.2916666666666667
"sabah,ja",bs,0.7291070494818397,0.10416666666666667
😒,bs,0.7272002885933034,0.19791666666666666
allah,bs,0.7188084535942847,0.7708333333333334
👎🙈,bs,0.7179685474664439,0.10416666666666667
zeljanica,bs,0.7167955077951774,0.10416666666666667
čarolijama,bs,0.713770352146821,0.10416666666666667
allahov,bs,0.709973465734685,0.10416666666666667
"abd,ne",bs,0.7097994119860231,0.10416666666666667
čarobni,bs,0.7079024744686345,0.46875
ahbabu,bs,0.7068634401265836,0.13541666666666666
čaroliji,bs,0.7061223015654832,0.10416666666666667
čarobna,bs,0.7045562615274321,0.875
tuzlaci,bs,0.702137253774085,0.23958333333333334
kantonalnim,bs,0.6996222193014546,0.10416666666666667
👍👍👍👍,bs,0.6969462455425856,0.14583333333333334
🙈<unk>🙊,bs,0.6944646602030844,0.10416666666666667
bosnianproblem,bs,0.6917036734291468,0.10416666666666667
halalim,bs,0.6909370774403214,0.10416666666666667
👍👍👍👍👍🔝🔝🔝🔝,bs,0.6902378517959733,0.10416666666666667
sabahu,bs,0.6879478211218268,0.4479166666666667
sabahhajrosum,bs,0.680069835188196,0.15625
hajrovića,bs,0.6773422176037356,0.25
sarajevofilmfestival,bs,0.6769933674371956,0.10416666666666667
😎✋,bs,0.6741022476344369,0.10416666666666667
👍👍👍,bs,0.673382494128673,0.25
obavještajce,bs,0.6702268609893508,0.10416666666666667
čarolija,bs,0.6667250576884594,0.96875
banjaluko,bs,0.6658982959114962,0.19791666666666666
mostaraca,bs,0.6604333119466901,0.10416666666666667
čarobne,bs,0.6583836904416481,0.1875
rekreatiga,bs,0.6560033895075321,0.10416666666666667
"godine,bih",bs,0.6530998478327394,0.10416666666666667
fancyasfuck,bs,0.6529450646004571,0.7395833333333334
"tebi,abd",bs,0.6527408589987317,0.10416666666666667
riyadhu,bs,0.6523442102945409,0.10416666666666667
banjaluku,bs,0.6495786895737795,0.53125
"carigrad,gdje",bs,0.6485022541397484,0.10416666666666667
🌊,bs,0.6456129821192007,0.10416666666666667
"malo,inshallah",bs,0.6446075120863679,0.10416666666666667
👍,bs,0.6439991948095017,0.14583333333333334
wp8bih,bs,0.6437877480270874,0.4166666666666667
htp4life,bs,0.6430183998709131,1.0
bihpružaju,bs,0.6367358898743987,0.10416666666666667
airbosna,bs,0.634706542208013,0.13541666666666666
čarobnjak,bs,0.6283450210984383,0.17708333333333334
"ajr,allah",bs,0.6273440520337317,0.10416666666666667
banjalučkom,bs,0.6255583703153507,0.16666666666666666
zenicu,bs,0.6227796399785306,0.11458333333333333
željom,bs,0.620615893779941,0.10416666666666667
hadisi,bs,0.6194688058917462,0.1875
frenkoza,bs,0.6178441518494333,0.1875
javit,bs,0.6174395010551962,0.10416666666666667
1km,bs,0.6158671854995191,0.10416666666666667
bosnianspring,bs,0.6157330712315413,0.10416666666666667
😱,bs,0.6151633893108132,0.22916666666666666
mahmutović,bs,0.6108613128424623,0.10416666666666667
nasljednika,bs,0.6092100375099108,0.10416666666666667
frenkozin,bs,0.6088549196732856,0.16666666666666666
unk,bs,0.6083326531517311,0.8229166666666666
ahmediju,bs,0.608142595726531,0.10416666666666667
povrijedjeni,bs,0.6074045164132258,0.16666666666666666
bahra,bs,0.6059311155928299,0.10416666666666667
peugeot-u,bs,0.6047680048960641,0.19791666666666666
💪👌,bs,0.6034235036815516,0.10416666666666667
km/h,bs,0.6033125676828907,0.10416666666666667
sabaha,bs,0.6011086434149615,0.16666666666666666
💋👏,bs,0.5989292642570218,0.10416666666666667
frenkiem,bs,0.5971195455727866,0.10416666666666667
seku,bs,0.595839218888644,0.65625
srebrenicu,bs,0.5957541124265006,0.23958333333333334
16.8,bs,0.5955896850675344,0.10416666666666667
"ovo,djevojke",bs,0.5945074711489724,0.10416666666666667
allahu,bs,0.5938508648273692,0.4479166666666667
banjaluci,bs,0.5927132068796832,0.7916666666666666
čarobno,bs,0.5926586670371664,0.78125
hljeb,bs,0.5897086984468869,0.65625
😡,bs,0.5885249935583367,0.22916666666666666
narudžbe,bs,0.5878339769726153,0.10416666666666667
"apostole,udriiiiiiii",hr,0.8769597996753873,0.10416666666666667
"kroatien-lexperkovic,haben",hr,0.8663922934183315,0.10416666666666667
kave/večere,hr,0.8600646721271914,0.10416666666666667
prosvjedić,hr,0.8515796995779965,0.10416666666666667
zagreb-borongaj,hr,0.8491347214854613,0.10416666666666667
cyberfeminism,hr,0.8386217979127105,0.10416666666666667
croatiavsiceland,hr,0.8380364684042434,0.10416666666666667
zagrebpčanke,hr,0.8282117459923029,0.10416666666666667
razlikovat,hr,0.8043163104099221,0.10416666666666667
zagrebfacts's,hr,0.8030429343983997,0.10416666666666667
rijeka-zagreb-osijek,hr,0.8016690291813575,0.10416666666666667
notgayjusteuropean,hr,0.7994691232701371,0.10416666666666667
pribilježit,hr,0.7989427239714053,0.10416666666666667
vladehr,hr,0.7939375704620033,0.10416666666666667
pulshrvatske,hr,0.7875564660734804,0.10416666666666667
eu-tweetove,hr,0.7809524379903451,0.10416666666666667
rijeka-halubjan,hr,0.7786090021178097,0.10416666666666667
awesomesubjectspamlines,hr,0.7773940340615809,0.10416666666666667
vjerojatnije,hr,0.7762132896168623,0.10416666666666667
6000kn,hr,0.7732013443523555,0.10416666666666667
drool,hr,0.7709506626299116,0.10416666666666667
v|b|z-ova,hr,0.7707505808823043,0.10416666666666667
katoličku,hr,0.7687310651655934,0.10416666666666667
pospremit,hr,0.7670888029038906,0.10416666666666667
zločinačkog,hr,0.7668366416386562,0.10416666666666667
ri-rocka,hr,0.7585253919110982,0.10416666666666667
50kn,hr,0.7484363992058206,0.10416666666666667
gađat,hr,0.7483593183002085,0.10416666666666667
zainteresiranih,hr,0.7461611707483826,0.19791666666666666
300kn,hr,0.7341439821173481,0.10416666666666667
opravdat,hr,0.7329574007964765,0.10416666666666667
p/sz,hr,0.7315444895066321,0.10416666666666667
udebljat,hr,0.7283073471837269,0.10416666666666667
životopisna,hr,0.7263516082428396,0.10416666666666667
pozavidjeti,hr,0.7234886538059072,0.10416666666666667
"hdz-u,jer",hr,0.7218078722630403,0.10416666666666667
liječiti,hr,0.7196014342189301,0.10416666666666667
"spavat,sutra",hr,0.7174652489768136,0.10416666666666667
odvjetnici,hr,0.7154407307738438,0.10416666666666667
gba,hr,0.7151497601531446,0.10416666666666667
pristat,hr,0.7139602417621063,0.10416666666666667
hns-u,hr,0.7135585225652903,0.10416666666666667
vježbat,hr,0.7128878650053392,0.1875
milozvučne,hr,0.7108543658396229,0.10416666666666667
neo-komunističkim,hr,0.7084208507271667,0.10416666666666667
sustavnog,hr,0.7059472504384757,0.10416666666666667
zamolit,hr,0.7044243744949199,0.10416666666666667
okarakteriziram,hr,0.7030926883046049,0.10416666666666667
hdzovce,hr,0.7006047769921679,0.10416666666666667
dalmatinska,hr,0.6990128160279709,0.10416666666666667
naviknit,hr,0.6988411094527691,0.10416666666666667
komentirala,hr,0.6951262606307864,0.10416666666666667
spojit,hr,0.69172805644293,0.1875
smijenit,hr,0.689640785872325,0.10416666666666667
pozdravit,hr,0.6883504448458553,0.10416666666666667
nagovoriti,hr,0.6822606352623553,0.10416666666666667
radimirčačić,hr,0.6795488284650856,0.10416666666666667
primjetite,hr,0.67751233974559,0.13541666666666666
obljetničarski,hr,0.6743618602398783,0.10416666666666667
tuđmanovih,hr,0.6741722940013253,0.17708333333333334
rođaka,hr,0.6737360407128108,0.16666666666666666
glasovat,hr,0.6728469161302201,0.10416666666666667
smrsavit,hr,0.6704334552399814,0.10416666666666667
"vukovaru,tako",hr,0.6697892424770804,0.10416666666666667
događanje,hr,0.6666113157523796,0.10416666666666667
"rh,nigdje",hr,0.6649078217451461,0.10416666666666667
apostolčina,hr,0.6622648306250529,0.10416666666666667
mirovinski,hr,0.6614617484510745,0.28125
doktore,hr,0.6560063667402574,0.11458333333333333
okupat,hr,0.6548491304740309,0.19791666666666666
uvjetovane,hr,0.6532100900578994,0.10416666666666667
priuštiti,hr,0.6530842911985625,0.17708333333333334
doživjele,hr,0.651629952967778,0.10416666666666667
ukazat,hr,0.651155912145623,0.10416666666666667
1hnl,hr,0.6478760042131398,0.10416666666666667
maxtv-edukacija,hr,0.6456375023117289,0.10416666666666667
stargatea,hr,0.6436353873461484,0.10416666666666667
"čuvat,pazit",hr,0.6393895644854638,0.10416666666666667
ios6,hr,0.638366598916132,0.19791666666666666
apostolsko,hr,0.6290969856151151,0.10416666666666667
biblijski,hr,0.6290066459138567,0.1875
braniteljima,hr,0.6287147741365262,0.10416666666666667
oib-a,hr,0.6279767366564556,0.10416666666666667
pokušavaš,hr,0.6248487180331722,0.10416666666666667
130kn,hr,0.6245316348911729,0.20833333333333334
smislit,hr,0.6243838666938245,0.10416666666666667
slastičarne,hr,0.6236921342322603,0.10416666666666667
proširite,hr,0.6224618105043191,0.10416666666666667
financijsku,hr,0.6215417973806325,0.10416666666666667
vrijeđat,hr,0.6203334028728864,0.1875
y'know,hr,0.6195206954101754,0.17708333333333334
tl-a,hr,0.6193176524614281,0.2916666666666667
splite,hr,0.6174340545127052,0.10416666666666667
predlozit,hr,0.6167678682890255,0.10416666666666667
osvjezilo,hr,0.6157015446112208,0.28125
puštat,hr,0.6133982129511424,0.10416666666666667
hdz-sdp,hr,0.613349051317103,0.10416666666666667
"kardinal,ajmoooooo",hr,0.6126006660145774,0.10416666666666667
španjolskaaaa,hr,0.6119229309260845,0.10416666666666667
procesirat,hr,0.6097423281063779,0.10416666666666667
peva,me,0.8278039992321282,0.10416666666666667
sufrujpametno,me,0.8248687489036456,0.10416666666666667
aaeee,me,0.8009522406500764,0.10416666666666667
"paznji,dov'djenja",me,0.7994155480177142,0.10416666666666667
cijepaju,me,0.7981647601802251,0.10416666666666667
uuups,me,0.7894204485710361,0.10416666666666667
"sjecanja,emocije",me,0.780451324119349,0.10416666666666667
"op,op",me,0.7705640572736835,0.2708333333333333
ośećam,me,0.7677104554845755,0.15625
tonight,me,0.7661112659433457,0.10416666666666667
mladostpodgorica,me,0.763081729821109,0.10416666666666667
najljepsee,me,0.761939239432104,0.10416666666666667
"najbolje/najljepse,sto",me,0.7545276928227395,0.10416666666666667
protestcg,me,0.7514676120365038,0.10416666666666667
"ja,pidzama,krevet",me,0.7500225533018238,0.10416666666666667
bradonja,me,0.7430728601058945,0.10416666666666667
"najbolje,pozz",me,0.7378323486424051,0.10416666666666667
ende,me,0.7299530673535628,0.10416666666666667
fotoprica,me,0.7293998240692803,0.5
śećam,me,0.7250511682941578,0.10416666666666667
podgoricanii,me,0.7243255110457539,0.10416666666666667
arbeit,me,0.7212516598888518,0.14583333333333334
poneđeljak,me,0.7187730839589341,0.1875
podgoričankama,me,0.717680997226853,0.10416666666666667
povoljno,me,0.7082441419828683,0.10416666666666667
"cevapi,tufahije,rafting",me,0.6898816114109649,0.10416666666666667
milonervoza,me,0.6863651357324568,0.125
"amerike,svijet",me,0.6832405329510948,0.10416666666666667
chata,me,0.6824446638231165,0.10416666666666667
prvacg,me,0.6819240725984855,0.10416666666666667
serenade,me,0.679601673131583,0.10416666666666667
cijedim,me,0.6795380325467184,0.13541666666666666
"cedomire,takodje",me,0.6782272579148412,0.10416666666666667
around,me,0.6777849047873632,0.11458333333333333
podgoricanka,me,0.6716709117830463,0.23958333333333334
kanca,me,0.670413902108885,0.10416666666666667
taste,me,0.6647951060639116,0.10416666666666667
"dobro,dobro",me,0.6620193303737324,0.10416666666666667
pretinac,me,0.6586976848653718,0.10416666666666667
"belgijske,luksuzne,crne",me,0.6538701741665136,0.10416666666666667
strijeljaju,me,0.650620412878925,0.10416666666666667
bademe,me,0.6505377383669838,0.10416666666666667
neđelje,me,0.6487513799471344,0.3541666666666667
yeaa,me,0.6462020752690781,0.10416666666666667
zavirim,me,0.634649645362515,0.11458333333333333
"city,podgorica",me,0.6331883817420173,0.10416666666666667
srecaan,me,0.6323796887532808,0.10416666666666667
lijepaaa,me,0.629073845827952,0.10416666666666667
zaspim,me,0.6286826786544407,0.10416666666666667
svijeze,me,0.621491781246732,0.10416666666666667
bljaak,me,0.6204788491129876,0.10416666666666667
pesme,me,0.6193224969232688,0.10416666666666667
"boom,boom,boom,boom",me,0.6184475217198269,0.10416666666666667
"posao,pa",me,0.6157394230593127,0.10416666666666667
skontah,me,0.614294029539451,0.10416666666666667
"izvrcu,razvodne",me,0.6136012101886081,0.10416666666666667
śednem,me,0.6129418149899595,0.25
dve,me,0.6114360214843145,0.1875
pahomije,me,0.5991731013058078,0.20833333333333334
tebe-ti,me,0.596965576231014,0.10416666666666667
djevojchica,me,0.5951501096249558,0.10416666666666667
svecice,me,0.5947182627627626,0.10416666666666667
"ej,postpraznicni",me,0.5946144649293273,0.10416666666666667
razmislim,me,0.5936273357753331,0.125
gotova,me,0.5926462789357174,0.10416666666666667
"porodica,zivot,ljubav,prijateljstvo",me,0.5918616658775135,0.10416666666666667
śutra,me,0.5901225627473086,0.9895833333333334
đevojkama,me,0.5878938849578844,0.10416666666666667
steknu,me,0.5866841214970918,0.10416666666666667
"hvala,takodje",me,0.5860897246260542,0.1875
vježbe,me,0.5855167536967201,0.10416666666666667
umrijece,me,0.5841918246354908,0.10416666666666667
baladu,me,0.583879512425483,0.10416666666666667
izlijecim,me,0.5835416755853293,0.10416666666666667
đevojci,me,0.5834374716791056,0.28125
"miligram,sjutra",me,0.579597842376461,0.10416666666666667
dokažem,me,0.5794793164270231,0.10416666666666667
fotopriča,me,0.5792720404632193,0.6145833333333334
verujem,me,0.5776720000276054,0.10416666666666667
"c,c,c",me,0.5769769891733935,0.1875
over,me,0.5764070875198134,0.14583333333333334
prepadoh,me,0.5756721475716663,0.15625
vaterpolocg,me,0.571586236692383,0.10416666666666667
mjerkas,me,0.5676439501345157,0.10416666666666667
smijuuu,me,0.5663633010350168,0.10416666666666667
najbolje/najljepse,me,0.5657386012735147,0.875
cvijece,me,0.5645305288111557,0.10416666666666667
rode,me,0.5607864857391649,0.2604166666666667
drugoligaškog,me,0.5606341184877911,0.2708333333333333
"zabjelo,ka",me,0.5606320131492794,0.10416666666666667
đevojkom,me,0.5601675798953032,0.28125
bježi,me,0.55978962191269,0.22916666666666666
"idem,bedtime",me,0.5593785668206692,0.10416666666666667
zauvjek,me,0.5518047674593783,0.11458333333333333
rodio,me,0.550847860159949,0.10416666666666667
nasalim,me,0.5508120089012664,0.10416666666666667
izpodgoricesamali,me,0.5497000051037245,0.5729166666666666
"sebe,nego",me,0.5476108764236869,0.10416666666666667
fitness,me,0.5453359033450458,0.13541666666666666
prezivjeh,me,0.5443337898614118,0.16666666666666666
opredeljenjem,sr,0.7473213761946681,0.10416666666666667
ubedili,sr,0.7218085078988224,0.10416666666666667
"lepo,i",sr,0.7143649258039659,0.10416666666666667
poverenju,sr,0.7106112197476537,0.17708333333333334
"smesno,a",sr,0.7015383860270958,0.10416666666666667
savetovanju,sr,0.6954131620324915,0.10416666666666667
prosvetljenje,sr,0.6832334622985831,0.19791666666666666
primedbovao,sr,0.6804885080038932,0.17708333333333334
"srbiji,strašno",sr,0.6724047183180119,0.10416666666666667
razumeces,sr,0.6645413203979842,0.10416666666666667
pevački,sr,0.6637182915631911,0.10416666666666667
ubeđuju,sr,0.6527260100385319,0.10416666666666667
decaa,sr,0.6514307532925159,0.10416666666666667
devojkeee,sr,0.6416505464352668,0.10416666666666667
prelepoj,sr,0.637620032322593,0.10416666666666667
umešao,sr,0.6241884010378271,0.10416666666666667
celosti,sr,0.6231856856007653,0.10416666666666667
zameriti,sr,0.6225239131599665,0.19791666666666666
posecenost,sr,0.6198473609983921,0.10416666666666667
pobegnu,sr,0.614127438236028,0.10416666666666667
podsecam,sr,0.6056521143346929,0.10416666666666667
"secas,pitaj",sr,0.6025298567372375,0.10416666666666667
"ko,sta,gde",sr,0.6017767085290434,0.10416666666666667
uverio,sr,0.6010940965934424,0.10416666666666667
oteraše,sr,0.6005699386143533,0.10416666666666667
dečiju,sr,0.6002571257107775,0.10416666666666667
neveste,sr,0.600204796390608,0.10416666666666667
najsmesniji,sr,0.6001233035727637,0.10416666666666667
"lep,pametan,slobodan",sr,0.5993656557053327,0.10416666666666667
primećivati,sr,0.5989923559664021,0.10416666666666667
veštičarenje,sr,0.5978141898347531,0.10416666666666667
"pobedio,ja",sr,0.592024249852405,0.10416666666666667
neizvesno,sr,0.5899283831747489,0.11458333333333333
zameraj,sr,0.5873051400673208,0.19791666666666666
umetnički,sr,0.5859334410968586,0.10416666666666667
provereni,sr,0.579998512741804,0.10416666666666667
"profesor,odusevljen",sr,0.5783099913809565,0.10416666666666667
obezbedio,sr,0.5781200594916299,0.10416666666666667
smejanjeee,sr,0.5753745186720456,0.10416666666666667
obaveštavam,sr,0.5746486436808482,0.10416666666666667
obeležili,sr,0.5740086258982047,0.10416666666666667
"razumeti,jer",sr,0.5722165703515409,0.10416666666666667
podrazumevaju,sr,0.5721951679966878,0.10416666666666667
detinjasto,sr,0.5671223945915699,0.10416666666666667
lepših,sr,0.5657108300365508,0.10416666666666667
osetiti,sr,0.5649246455804031,0.1875
"dan,lep",sr,0.5636373750981875,0.10416666666666667
bejaše,sr,0.5635346461532714,0.1875
"complain,just",sr,0.5619215721526416,0.10416666666666667
osetices,sr,0.5618096797901672,0.10416666666666667
"devojke,žene",sr,0.5597895748766237,0.19791666666666666
nezamenljivo,sr,0.5586466312408447,0.10416666666666667
preterivao,sr,0.5567378435982391,0.10416666666666667
vojvoda,sr,0.5556994795275386,0.10416666666666667
novetehnologije,sr,0.5540736745388131,0.125
smešaan,sr,0.5531663237212342,0.10416666666666667
zameram,sr,0.5528026872503178,0.19791666666666666
primenice,sr,0.5521395329160441,0.10416666666666667
obavezuje,sr,0.5510295985179254,0.10416666666666667
ulepsana,sr,0.5496192117149461,0.10416666666666667
"vojvodina,u",sr,0.5486938268652011,0.10416666666666667
poverenja,sr,0.5460428513868768,0.28125
odlepis,sr,0.5438652272140774,0.10416666666666667
mesto[handle,sr,0.5435239438585995,0.10416666666666667
preleposti,sr,0.542253384180367,0.10416666666666667
predoseca,sr,0.5371948659420014,0.10416666666666667
razmenimo,sr,0.535591074583499,0.10416666666666667
smeste,sr,0.5304967913543805,0.10416666666666667
"dragicevic:""sex",sr,0.5288446998340077,0.10416666666666667
teamserbia,sr,0.526959919825438,0.125
razumevanju,sr,0.526943008506919,0.14583333333333334
vencanja,sr,0.5263056332900306,0.1875
smej,sr,0.5256984387215804,0.20833333333333334
najlepšeg,sr,0.5250138501966941,0.13541666666666666
komplikovanije,sr,0.5244335830555428,0.125
umetničko,sr,0.5241735280840023,0.3020833333333333
popreko,sr,0.5238267510212609,0.16666666666666666
preteruju,sr,0.5234224153624382,0.19791666666666666
"devojka:""ispunila",sr,0.5230338582197831,0.10416666666666667
bezbedna,sr,0.522848890349269,0.20833333333333334
posetio,sr,0.5206760425258835,0.10416666666666667
zvezdasi,sr,0.5204888528212905,0.10416666666666667
savetima,sr,0.5195840722793946,0.20833333333333334
delujem,sr,0.518575030285865,0.10416666666666667
"ja:""čuš",sr,0.5183657227898948,0.10416666666666667
ulepšao,sr,0.5181982733129795,0.10416666666666667
zamenimo,sr,0.5181132297962904,0.10416666666666667
podesiti,sr,0.5166778038472634,0.16666666666666666
posedovanje,sr,0.5158338630513754,0.1875
"meseci,a",sr,0.514213560524028,0.10416666666666667
nepromenjene,sr,0.5133108571171761,0.10416666666666667
neizlečivi,sr,0.5124990705400705,0.10416666666666667
podele,sr,0.511980423584464,0.10416666666666667
preletaci,sr,0.5111965247429907,0.10416666666666667
usmerim,sr,0.5099026648502332,0.10416666666666667
razumevanje,sr,0.5089177504647523,0.3541666666666667
uterujem,sr,0.5066160536836832,0.10416666666666667
uveti,sr,0.5066136207431555,0.10416666666666667
obavesten,sr,0.5041750786826015,0.10416666666666667
"pevačice,manekenke",sr,0.5036535703261117,0.10416666666666667
